country,year,onset,rule,in_exclusion
Australia,1870,False,,False
Australia,1871,False,,False
Australia,1872,False,,False
Australia,1873,False,,False
Australia,1874,False,,False
Australia,1875,False,,False
Australia,1876,False,,False
Australia,1877,False,,False
Australia,1878,False,,False
Australia,1879,False,,False
Australia,1880,False,,False
Australia,1881,False,,False
Australia,1882,False,,False
Australia,1883,False,,False
Australia,1884,False,,False
Australia,1885,False,,False
Australia,1886,False,,False
Australia,1887,False,,False
Australia,1888,False,,False
Australia,1889,False,,False
Australia,1890,False,,False
Australia,1891,False,,False
Australia,1892,False,,False
Australia,1893,False,,False
Australia,1894,False,,False
Australia,1895,False,,False
Australia,1896,False,,False
Australia,1897,False,,False
Australia,1898,False,,False
Australia,1899,False,,False
Australia,1900,False,,False
Australia,1901,False,,False
Australia,1902,False,,False
Australia,1903,False,,False
Australia,1904,False,,False
Australia,1905,False,,False
Australia,1906,False,,False
Australia,1907,False,,False
Australia,1908,False,,False
Australia,1909,False,,False
Australia,1910,False,,False
Australia,1911,False,,False
Australia,1912,False,,False
Australia,1913,False,,False
Australia,1914,False,,False
Australia,1915,False,,False
Australia,1916,False,,False
Australia,1917,False,,False
Australia,1918,False,,False
Australia,1919,False,,False
Australia,1920,False,,False
Australia,1921,False,,False
Australia,1922,False,,False
Australia,1923,False,,False
Australia,1924,False,,False
Australia,1925,False,,False
Australia,1926,False,,False
Australia,1927,False,,False
Australia,1928,False,,False
Australia,1929,False,,False
Australia,1930,False,,False
Australia,1931,False,,False
Australia,1932,False,,False
Australia,1933,False,,False
Australia,1934,False,,False
Australia,1935,False,,False
Australia,1936,False,,False
Australia,1937,False,,False
Australia,1938,False,,False
Australia,1939,False,,False
Australia,1940,False,,False
Australia,1941,False,,False
Australia,1942,False,,False
Australia,1943,False,,False
Australia,1944,False,,False
Australia,1945,False,,False
Australia,1946,False,,False
Australia,1947,False,,False
Australia,1948,False,,False
Australia,1949,False,,False
Australia,1950,False,,False
Australia,1951,False,,False
Australia,1952,False,,False
Australia,1953,False,,False
Australia,1954,False,,False
Australia,1955,False,,False
Australia,1956,False,,False
Australia,1957,False,,False
Australia,1958,False,,False
Australia,1959,False,,False
Australia,1960,False,,False
Australia,1961,False,,False
Australia,1962,False,,False
Australia,1963,False,,False
Australia,1964,False,,False
Australia,1965,False,,False
Australia,1966,False,,False
Australia,1967,False,,False
Australia,1968,False,,False
Australia,1969,False,,False
Australia,1970,False,,False
Australia,1971,False,,False
Australia,1972,False,,False
Australia,1973,False,,False
Australia,1974,False,,False
Australia,1975,False,,False
Australia,1976,False,,False
Australia,1977,False,,False
Australia,1978,False,,False
Australia,1979,False,,False
Australia,1980,False,,False
Australia,1981,False,,False
Australia,1982,False,,False
Australia,1983,False,,False
Australia,1984,False,,False
Australia,1985,False,,False
Australia,1986,False,,False
Australia,1987,False,,False
Australia,1988,False,,False
Australia,1989,False,,False
Australia,1990,False,,False
Australia,1991,False,,False
Australia,1992,False,,False
Australia,1993,False,,False
Australia,1994,False,,False
Australia,1995,False,,False
Australia,1996,False,,False
Australia,1997,False,,False
Australia,1998,False,,False
Australia,1999,False,,False
Australia,2000,False,,False
Australia,2001,False,,False
Australia,2002,False,,False
Australia,2003,False,,False
Australia,2004,False,,False
Australia,2005,False,,False
Australia,2006,False,,False
Australia,2007,False,,False
Australia,2008,False,,False
Australia,2009,False,,False
Australia,2010,False,,False
Australia,2011,False,,False
Australia,2012,False,,False
Australia,2013,False,,False
Australia,2014,False,,False
Australia,2015,False,,False
Australia,2016,False,,False
Australia,2017,False,,False
Australia,2018,False,,False
Australia,2019,False,,False
Australia,2020,False,,False
Belgium,1870,False,,False
Belgium,1871,False,,False
Belgium,1872,False,,False
Belgium,1873,False,,False
Belgium,1874,False,,False
Belgium,1875,False,,False
Belgium,1876,False,,False
Belgium,1877,False,,False
Belgium,1878,False,,False
Belgium,1879,False,,False
Belgium,1880,False,,False
Belgium,1881,False,,False
Belgium,1882,False,,False
Belgium,1883,False,,False
Belgium,1884,False,,False
Belgium,1885,False,,False
Belgium,1886,False,,False
Belgium,1887,False,,False
Belgium,1888,False,,False
Belgium,1889,False,,False
Belgium,1890,False,,False
Belgium,1891,False,,False
Belgium,1892,False,,False
Belgium,1893,False,,False
Belgium,1894,False,,False
Belgium,1895,False,,False
Belgium,1896,False,,False
Belgium,1897,False,,False
Belgium,1898,False,,False
Belgium,1899,False,,False
Belgium,1900,False,,False
Belgium,1901,False,,False
Belgium,1902,False,,False
Belgium,1903,False,,False
Belgium,1904,False,,False
Belgium,1905,False,,False
Belgium,1906,False,,False
Belgium,1907,False,,False
Belgium,1908,False,,False
Belgium,1909,False,,False
Belgium,1910,False,,False
Belgium,1911,False,,False
Belgium,1912,False,,False
Belgium,1913,False,,False
Belgium,1914,False,,False
Belgium,1915,False,,False
Belgium,1916,False,,False
Belgium,1917,False,,False
Belgium,1918,False,,False
Belgium,1919,False,,False
Belgium,1920,False,,False
Belgium,1921,False,,False
Belgium,1922,False,,False
Belgium,1923,True,D3,False
Belgium,1924,False,,True
Belgium,1925,False,,True
Belgium,1926,False,,True
Belgium,1927,False,,True
Belgium,1928,False,,True
Belgium,1929,False,,False
Belgium,1930,False,,False
Belgium,1931,False,,False
Belgium,1932,False,,False
Belgium,1933,False,,False
Belgium,1934,False,,False
Belgium,1935,False,,False
Belgium,1936,False,,False
Belgium,1937,False,,False
Belgium,1938,True,D3,False
Belgium,1939,False,,True
Belgium,1940,False,,True
Belgium,1941,False,,True
Belgium,1942,False,,True
Belgium,1943,False,,True
Belgium,1944,False,,False
Belgium,1945,False,,False
Belgium,1946,False,,False
Belgium,1947,False,,False
Belgium,1948,False,,False
Belgium,1949,False,,False
Belgium,1950,False,,False
Belgium,1951,False,,False
Belgium,1952,False,,False
Belgium,1953,False,,False
Belgium,1954,False,,False
Belgium,1955,False,,False
Belgium,1956,False,,False
Belgium,1957,False,,False
Belgium,1958,False,,False
Belgium,1959,False,,False
Belgium,1960,False,,False
Belgium,1961,False,,False
Belgium,1962,False,,False
Belgium,1963,False,,False
Belgium,1964,False,,False
Belgium,1965,False,,False
Belgium,1966,False,,False
Belgium,1967,False,,False
Belgium,1968,False,,False
Belgium,1969,False,,False
Belgium,1970,False,,False
Belgium,1971,False,,False
Belgium,1972,False,,False
Belgium,1973,False,,False
Belgium,1974,False,,False
Belgium,1975,False,,False
Belgium,1976,False,,False
Belgium,1977,False,,False
Belgium,1978,False,,False
Belgium,1979,False,,False
Belgium,1980,False,,False
Belgium,1981,False,,False
Belgium,1982,False,,False
Belgium,1983,False,,False
Belgium,1984,False,,False
Belgium,1985,False,,False
Belgium,1986,False,,False
Belgium,1987,False,,False
Belgium,1988,False,,False
Belgium,1989,False,,False
Belgium,1990,False,,False
Belgium,1991,False,,False
Belgium,1992,False,,False
Belgium,1993,False,,False
Belgium,1994,False,,False
Belgium,1995,False,,False
Belgium,1996,False,,False
Belgium,1997,False,,False
Belgium,1998,False,,False
Belgium,1999,False,,False
Belgium,2000,False,,False
Belgium,2001,False,,False
Belgium,2002,False,,False
Belgium,2003,False,,False
Belgium,2004,False,,False
Belgium,2005,False,,False
Belgium,2006,False,,False
Belgium,2007,False,,False
Belgium,2008,False,,False
Belgium,2009,False,,False
Belgium,2010,False,,False
Belgium,2011,False,,False
Belgium,2012,False,,False
Belgium,2013,False,,False
Belgium,2014,False,,False
Belgium,2015,False,,False
Belgium,2016,False,,False
Belgium,2017,False,,False
Belgium,2018,False,,False
Belgium,2019,False,,False
Belgium,2020,False,,False
Canada,1870,False,,False
Canada,1871,False,,False
Canada,1872,False,,False
Canada,1873,False,,False
Canada,1874,False,,False
Canada,1875,False,,False
Canada,1876,False,,False
Canada,1877,False,,False
Canada,1878,False,,False
Canada,1879,False,,False
Canada,1880,False,,False
Canada,1881,False,,False
Canada,1882,False,,False
Canada,1883,False,,False
Canada,1884,False,,False
Canada,1885,False,,False
Canada,1886,False,,False
Canada,1887,False,,False
Canada,1888,False,,False
Canada,1889,False,,False
Canada,1890,False,,False
Canada,1891,False,,False
Canada,1892,False,,False
Canada,1893,False,,False
Canada,1894,False,,False
Canada,1895,False,,False
Canada,1896,False,,False
Canada,1897,False,,False
Canada,1898,False,,False
Canada,1899,False,,False
Canada,1900,False,,False
Canada,1901,False,,False
Canada,1902,False,,False
Canada,1903,False,,False
Canada,1904,False,,False
Canada,1905,False,,False
Canada,1906,False,,False
Canada,1907,False,,False
Canada,1908,False,,False
Canada,1909,False,,False
Canada,1910,False,,False
Canada,1911,False,,False
Canada,1912,False,,False
Canada,1913,False,,False
Canada,1914,False,,False
Canada,1915,False,,False
Canada,1916,False,,False
Canada,1917,False,,False
Canada,1918,False,,False
Canada,1919,False,,False
Canada,1920,False,,False
Canada,1921,False,,False
Canada,1922,False,,False
Canada,1923,False,,False
Canada,1924,False,,False
Canada,1925,False,,False
Canada,1926,False,,False
Canada,1927,False,,False
Canada,1928,False,,False
Canada,1929,False,,False
Canada,1930,False,,False
Canada,1931,False,,False
Canada,1932,False,,False
Canada,1933,False,,False
Canada,1934,False,,False
Canada,1935,False,,False
Canada,1936,False,,False
Canada,1937,False,,False
Canada,1938,False,,False
Canada,1939,False,,False
Canada,1940,False,,False
Canada,1941,False,,False
Canada,1942,False,,False
Canada,1943,False,,False
Canada,1944,False,,False
Canada,1945,False,,False
Canada,1946,False,,False
Canada,1947,False,,False
Canada,1948,False,,False
Canada,1949,False,,False
Canada,1950,False,,False
Canada,1951,False,,False
Canada,1952,False,,False
Canada,1953,False,,False
Canada,1954,False,,False
Canada,1955,False,,False
Canada,1956,False,,False
Canada,1957,False,,False
Canada,1958,False,,False
Canada,1959,False,,False
Canada,1960,False,,False
Canada,1961,False,,False
Canada,1962,False,,False
Canada,1963,False,,False
Canada,1964,False,,False
Canada,1965,False,,False
Canada,1966,False,,False
Canada,1967,False,,False
Canada,1968,False,,False
Canada,1969,False,,False
Canada,1970,False,,False
Canada,1971,False,,False
Canada,1972,False,,False
Canada,1973,False,,False
Canada,1974,False,,False
Canada,1975,False,,False
Canada,1976,False,,False
Canada,1977,False,,False
Canada,1978,False,,False
Canada,1979,False,,False
Canada,1980,False,,False
Canada,1981,False,,False
Canada,1982,False,,False
Canada,1983,False,,False
Canada,1984,False,,False
Canada,1985,False,,False
Canada,1986,False,,False
Canada,1987,False,,False
Canada,1988,False,,False
Canada,1989,False,,False
Canada,1990,False,,False
Canada,1991,False,,False
Canada,1992,False,,False
Canada,1993,False,,False
Canada,1994,False,,False
Canada,1995,False,,False
Canada,1996,False,,False
Canada,1997,False,,False
Canada,1998,False,,False
Canada,1999,False,,False
Canada,2000,False,,False
Canada,2001,False,,False
Canada,2002,False,,False
Canada,2003,False,,False
Canada,2004,False,,False
Canada,2005,False,,False
Canada,2006,False,,False
Canada,2007,False,,False
Canada,2008,False,,False
Canada,2009,False,,False
Canada,2010,False,,False
Canada,2011,False,,False
Canada,2012,False,,False
Canada,2013,False,,False
Canada,2014,False,,False
Canada,2015,False,,False
Canada,2016,False,,False
Canada,2017,False,,False
Canada,2018,False,,False
Canada,2019,False,,False
Canada,2020,False,,False
Denmark,1870,False,,False
Denmark,1871,False,,False
Denmark,1872,False,,False
Denmark,1873,False,,False
Denmark,1874,False,,False
Denmark,1875,False,,False
Denmark,1876,False,,False
Denmark,1877,False,,False
Denmark,1878,False,,False
Denmark,1879,False,,False
Denmark,1880,False,,False
Denmark,1881,False,,False
Denmark,1882,False,,False
Denmark,1883,False,,False
Denmark,1884,False,,False
Denmark,1885,False,,False
Denmark,1886,False,,False
Denmark,1887,False,,False
Denmark,1888,False,,False
Denmark,1889,False,,False
Denmark,1890,False,,False
Denmark,1891,False,,False
Denmark,1892,False,,False
Denmark,1893,False,,False
Denmark,1894,False,,False
Denmark,1895,False,,False
Denmark,1896,False,,False
Denmark,1897,False,,False
Denmark,1898,False,,False
Denmark,1899,False,,False
Denmark,1900,False,,False
Denmark,1901,False,,False
Denmark,1902,False,,False
Denmark,1903,False,,False
Denmark,1904,False,,False
Denmark,1905,False,,False
Denmark,1906,False,,False
Denmark,1907,False,,False
Denmark,1908,False,,False
Denmark,1909,False,,False
Denmark,1910,False,,False
Denmark,1911,False,,False
Denmark,1912,False,,False
Denmark,1913,False,,False
Denmark,1914,False,,False
Denmark,1915,False,,False
Denmark,1916,False,,False
Denmark,1917,False,,False
Denmark,1918,False,,False
Denmark,1919,False,,False
Denmark,1920,False,,False
Denmark,1921,False,,False
Denmark,1922,False,,False
Denmark,1923,False,,False
Denmark,1924,False,,False
Denmark,1925,False,,False
Denmark,1926,False,,False
Denmark,1927,False,,False
Denmark,1928,False,,False
Denmark,1929,False,,False
Denmark,1930,False,,False
Denmark,1931,False,,False
Denmark,1932,False,,False
Denmark,1933,False,,False
Denmark,1934,False,,False
Denmark,1935,False,,False
Denmark,1936,False,,False
Denmark,1937,False,,False
Denmark,1938,False,,False
Denmark,1939,False,,False
Denmark,1940,False,,False
Denmark,1941,False,,False
Denmark,1942,False,,False
Denmark,1943,False,,False
Denmark,1944,False,,False
Denmark,1945,False,,False
Denmark,1946,False,,False
Denmark,1947,False,,False
Denmark,1948,False,,False
Denmark,1949,False,,False
Denmark,1950,False,,False
Denmark,1951,False,,False
Denmark,1952,False,,False
Denmark,1953,False,,False
Denmark,1954,False,,False
Denmark,1955,False,,False
Denmark,1956,False,,False
Denmark,1957,False,,False
Denmark,1958,False,,False
Denmark,1959,False,,False
Denmark,1960,False,,False
Denmark,1961,False,,False
Denmark,1962,False,,False
Denmark,1963,False,,False
Denmark,1964,False,,False
Denmark,1965,False,,False
Denmark,1966,False,,False
Denmark,1967,False,,False
Denmark,1968,False,,False
Denmark,1969,False,,False
Denmark,1970,False,,False
Denmark,1971,False,,False
Denmark,1972,False,,False
Denmark,1973,False,,False
Denmark,1974,False,,False
Denmark,1975,False,,False
Denmark,1976,False,,False
Denmark,1977,False,,False
Denmark,1978,False,,False
Denmark,1979,False,,False
Denmark,1980,False,,False
Denmark,1981,False,,False
Denmark,1982,False,,False
Denmark,1983,False,,False
Denmark,1984,False,,False
Denmark,1985,False,,False
Denmark,1986,False,,False
Denmark,1987,False,,False
Denmark,1988,False,,False
Denmark,1989,False,,False
Denmark,1990,False,,False
Denmark,1991,False,,False
Denmark,1992,False,,False
Denmark,1993,False,,False
Denmark,1994,False,,False
Denmark,1995,False,,False
Denmark,1996,False,,False
Denmark,1997,False,,False
Denmark,1998,False,,False
Denmark,1999,False,,False
Denmark,2000,False,,False
Denmark,2001,False,,False
Denmark,2002,False,,False
Denmark,2003,False,,False
Denmark,2004,False,,False
Denmark,2005,False,,False
Denmark,2006,False,,False
Denmark,2007,False,,False
Denmark,2008,False,,False
Denmark,2009,False,,False
Denmark,2010,False,,False
Denmark,2011,False,,False
Denmark,2012,False,,False
Denmark,2013,False,,False
Denmark,2014,False,,False
Denmark,2015,False,,False
Denmark,2016,False,,False
Denmark,2017,False,,False
Denmark,2018,False,,False
Denmark,2019,False,,False
Denmark,2020,False,,False
Finland,1870,False,,False
Finland,1871,False,,False
Finland,1872,False,,False
Finland,1873,False,,False
Finland,1874,False,,False
Finland,1875,False,,False
Finland,1876,False,,False
Finland,1877,False,,False
Finland,1878,False,,False
Finland,1879,False,,False
Finland,1880,False,,False
Finland,1881,False,,False
Finland,1882,False,,False
Finland,1883,False,,False
Finland,1884,False,,False
Finland,1885,False,,False
Finland,1886,False,,False
Finland,1887,False,,False
Finland,1888,False,,False
Finland,1889,False,,False
Finland,1890,False,,False
Finland,1891,False,,False
Finland,1892,False,,False
Finland,1893,False,,False
Finland,1894,False,,False
Finland,1895,False,,False
Finland,1896,False,,False
Finland,1897,False,,False
Finland,1898,False,,False
Finland,1899,False,,False
Finland,1900,False,,False
Finland,1901,False,,False
Finland,1902,False,,False
Finland,1903,False,,False
Finland,1904,False,,False
Finland,1905,False,,False
Finland,1906,False,,False
Finland,1907,False,,False
Finland,1908,False,,False
Finland,1909,False,,False
Finland,1910,False,,False
Finland,1911,False,,False
Finland,1912,False,,False
Finland,1913,False,,False
Finland,1914,False,,False
Finland,1915,False,,False
Finland,1916,False,,False
Finland,1917,False,,False
Finland,1918,False,,False
Finland,1919,False,,False
Finland,1920,False,,False
Finland,1921,False,,False
Finland,1922,False,,False
Finland,1923,False,,False
Finland,1924,False,,False
Finland,1925,False,,False
Finland,1926,False,,False
Finland,1927,False,,False
Finland,1928,False,,False
Finland,1929,False,,False
Finland,1930,False,,False
Finland,1931,False,,False
Finland,1932,False,,False
Finland,1933,False,,False
Finland,1934,False,,False
Finland,1935,False,,False
Finland,1936,False,,False
Finland,1937,False,,False
Finland,1938,False,,False
Finland,1939,False,,False
Finland,1940,False,,False
Finland,1941,False,,False
Finland,1942,False,,False
Finland,1943,False,,False
Finland,1944,False,,False
Finland,1945,True,"D2,D3",False
Finland,1946,False,,True
Finland,1947,False,,True
Finland,1948,False,,True
Finland,1949,False,,True
Finland,1950,False,,True
Finland,1951,False,,False
Finland,1952,False,,False
Finland,1953,False,,False
Finland,1954,False,,False
Finland,1955,False,,False
Finland,1956,False,,False
Finland,1957,False,,False
Finland,1958,False,,False
Finland,1959,False,,False
Finland,1960,False,,False
Finland,1961,False,,False
Finland,1962,False,,False
Finland,1963,False,,False
Finland,1964,False,,False
Finland,1965,False,,False
Finland,1966,False,,False
Finland,1967,False,,False
Finland,1968,False,,False
Finland,1969,False,,False
Finland,1970,False,,False
Finland,1971,False,,False
Finland,1972,False,,False
Finland,1973,False,,False
Finland,1974,False,,False
Finland,1975,False,,False
Finland,1976,False,,False
Finland,1977,False,,False
Finland,1978,False,,False
Finland,1979,False,,False
Finland,1980,False,,False
Finland,1981,False,,False
Finland,1982,False,,False
Finland,1983,False,,False
Finland,1984,False,,False
Finland,1985,False,,False
Finland,1986,False,,False
Finland,1987,False,,False
Finland,1988,False,,False
Finland,1989,False,,False
Finland,1990,False,,False
Finland,1991,False,,False
Finland,1992,False,,False
Finland,1993,False,,False
Finland,1994,False,,False
Finland,1995,False,,False
Finland,1996,False,,False
Finland,1997,False,,False
Finland,1998,False,,False
Finland,1999,False,,False
Finland,2000,False,,False
Finland,2001,False,,False
Finland,2002,False,,False
Finland,2003,False,,False
Finland,2004,False,,False
Finland,2005,False,,False
Finland,2006,False,,False
Finland,2007,False,,False
Finland,2008,False,,False
Finland,2009,False,,False
Finland,2010,False,,False
Finland,2011,False,,False
Finland,2012,False,,False
Finland,2013,False,,False
Finland,2014,False,,False
Finland,2015,False,,False
Finland,2016,False,,False
Finland,2017,False,,False
Finland,2018,False,,False
Finland,2019,False,,False
Finland,2020,False,,False
France,1870,False,,False
France,1871,False,,False
France,1872,False,,False
France,1873,False,,False
France,1874,False,,False
France,1875,False,,False
France,1876,False,,False
France,1877,False,,False
France,1878,False,,False
France,1879,False,,False
France,1880,False,,False
France,1881,False,,False
France,1882,False,,False
France,1883,False,,False
France,1884,False,,False
France,1885,False,,False
France,1886,False,,False
France,1887,False,,False
France,1888,False,,False
France,1889,False,,False
France,1890,False,,False
France,1891,False,,False
France,1892,False,,False
France,1893,False,,False
France,1894,False,,False
France,1895,False,,False
France,1896,False,,False
France,1897,False,,False
France,1898,False,,False
France,1899,False,,False
France,1900,False,,False
France,1901,False,,False
France,1902,False,,False
France,1903,False,,False
France,1904,False,,False
France,1905,False,,False
France,1906,False,,False
France,1907,False,,False
France,1908,False,,False
France,1909,False,,False
France,1910,False,,False
France,1911,False,,False
France,1912,False,,False
France,1913,False,,False
France,1914,True,D3,False
France,1915,False,,True
France,1916,False,,True
France,1917,False,,True
France,1918,False,,True
France,1919,False,,True
France,1920,True,"D2,D3",False
France,1921,False,,True
France,1922,False,,True
France,1923,False,,True
France,1924,False,,True
France,1925,False,,True
France,1926,True,D2,False
France,1927,False,,True
France,1928,False,,True
France,1929,False,,True
France,1930,False,,True
France,1931,False,,True
France,1932,False,,False
France,1933,False,,False
France,1934,False,,False
France,1935,False,,False
France,1936,False,,False
France,1937,True,"D2,D3",False
France,1938,False,,True
France,1939,False,,True
France,1940,False,,True
France,1941,False,,True
France,1942,False,,True
France,1943,True,"D2,D3",False
France,1944,False,,True
France,1945,False,,True
France,1946,False,,True
France,1947,False,,True
France,1948,False,,True
France,1949,False,,False
France,1950,False,,False
France,1951,False,,False
France,1952,False,,False
France,1953,False,,False
France,1954,False,,False
France,1955,False,,False
France,1956,False,,False
France,1957,False,,False
France,1958,False,,False
France,1959,False,,False
France,1960,False,,False
France,1961,False,,False
France,1962,False,,False
France,1963,False,,False
France,1964,False,,False
France,1965,False,,False
France,1966,False,,False
France,1967,False,,False
France,1968,False,,False
France,1969,False,,False
France,1970,False,,False
France,1971,False,,False
France,1972,False,,False
France,1973,False,,False
France,1974,False,,False
France,1975,False,,False
France,1976,False,,False
France,1977,False,,False
France,1978,False,,False
France,1979,False,,False
France,1980,False,,False
France,1981,False,,False
France,1982,False,,False
France,1983,False,,False
France,1984,False,,False
France,1985,False,,False
France,1986,False,,False
France,1987,False,,False
France,1988,False,,False
France,1989,False,,False
France,1990,False,,False
France,1991,False,,False
France,1992,False,,False
France,1993,False,,False
France,1994,False,,False
France,1995,False,,False
France,1996,False,,False
France,1997,False,,False
France,1998,False,,False
France,1999,False,,False
France,2000,False,,False
France,2001,False,,False
France,2002,False,,False
France,2003,False,,False
France,2004,False,,False
France,2005,False,,False
France,2006,False,,False
France,2007,False,,False
France,2008,False,,False
France,2009,False,,False
France,2010,False,,False
France,2011,False,,False
France,2012,False,,False
France,2013,False,,False
France,2014,False,,False
France,2015,False,,False
France,2016,False,,False
France,2017,False,,False
France,2018,False,,False
France,2019,False,,False
France,2020,False,,False
Germany,1870,False,,False
Germany,1871,False,,False
Germany,1872,False,,False
Germany,1873,False,,False
Germany,1874,False,,False
Germany,1875,False,,False
Germany,1876,False,,False
Germany,1877,False,,False
Germany,1878,False,,False
Germany,1879,False,,False
Germany,1880,False,,False
Germany,1881,False,,False
Germany,1882,False,,False
Germany,1883,False,,False
Germany,1884,False,,False
Germany,1885,False,,False
Germany,1886,False,,False
Germany,1887,False,,False
Germany,1888,False,,False
Germany,1889,False,,False
Germany,1890,False,,False
Germany,1891,False,,False
Germany,1892,False,,False
Germany,1893,False,,False
Germany,1894,False,,False
Germany,1895,False,,False
Germany,1896,False,,False
Germany,1897,False,,False
Germany,1898,False,,False
Germany,1899,False,,False
Germany,1900,False,,False
Germany,1901,False,,False
Germany,1902,False,,False
Germany,1903,False,,False
Germany,1904,False,,False
Germany,1905,False,,False
Germany,1906,False,,False
Germany,1907,False,,False
Germany,1908,False,,False
Germany,1909,False,,False
Germany,1910,False,,False
Germany,1911,False,,False
Germany,1912,False,,False
Germany,1913,False,,False
Germany,1914,False,,False
Germany,1915,False,,False
Germany,1916,False,,False
Germany,1917,False,,False
Germany,1918,False,,False
Germany,1919,False,,False
Germany,1920,False,,False
Germany,1921,False,,False
Germany,1922,False,,False
Germany,1923,False,,False
Germany,1924,False,,False
Germany,1925,False,,False
Germany,1926,False,,False
Germany,1927,False,,False
Germany,1928,False,,False
Germany,1929,False,,False
Germany,1930,False,,False
Germany,1931,False,,False
Germany,1932,True,D1,False
Germany,1933,False,,True
Germany,1934,False,,True
Germany,1935,False,,True
Germany,1936,False,,True
Germany,1937,False,,True
Germany,1938,False,,False
Germany,1939,False,,False
Germany,1940,False,,False
Germany,1941,False,,False
Germany,1942,False,,False
Germany,1943,False,,False
Germany,1944,False,,False
Germany,1945,False,,False
Germany,1946,False,,False
Germany,1947,False,,False
Germany,1948,True,D1,False
Germany,1949,False,,True
Germany,1950,False,,True
Germany,1951,False,,True
Germany,1952,False,,True
Germany,1953,False,,True
Germany,1954,False,,False
Germany,1955,False,,False
Germany,1956,False,,False
Germany,1957,False,,False
Germany,1958,False,,False
Germany,1959,False,,False
Germany,1960,False,,False
Germany,1961,False,,False
Germany,1962,False,,False
Germany,1963,False,,False
Germany,1964,False,,False
Germany,1965,False,,False
Germany,1966,False,,False
Germany,1967,False,,False
Germany,1968,False,,False
Germany,1969,False,,False
Germany,1970,False,,False
Germany,1971,False,,False
Germany,1972,False,,False
Germany,1973,False,,False
Germany,1974,False,,False
Germany,1975,False,,False
Germany,1976,False,,False
Germany,1977,False,,False
Germany,1978,False,,False
Germany,1979,False,,False
Germany,1980,False,,False
Germany,1981,False,,False
Germany,1982,False,,False
Germany,1983,False,,False
Germany,1984,False,,False
Germany,1985,False,,False
Germany,1986,False,,False
Germany,1987,False,,False
Germany,1988,False,,False
Germany,1989,False,,False
Germany,1990,False,,False
Germany,1991,False,,False
Germany,1992,False,,False
Germany,1993,False,,False
Germany,1994,False,,False
Germany,1995,False,,False
Germany,1996,False,,False
Germany,1997,False,,False
Germany,1998,False,,False
Germany,1999,False,,False
Germany,2000,False,,False
Germany,2001,False,,False
Germany,2002,False,,False
Germany,2003,False,,False
Germany,2004,False,,False
Germany,2005,False,,False
Germany,2006,False,,False
Germany,2007,False,,False
Germany,2008,False,,False
Germany,2009,False,,False
Germany,2010,False,,False
Germany,2011,False,,False
Germany,2012,False,,False
Germany,2013,False,,False
Germany,2014,False,,False
Germany,2015,False,,False
Germany,2016,False,,False
Germany,2017,False,,False
Germany,2018,False,,False
Germany,2019,False,,False
Germany,2020,False,,False
Ireland,1870,False,,False
Ireland,1871,False,,False
Ireland,1872,False,,False
Ireland,1873,False,,False
Ireland,1874,False,,False
Ireland,1875,False,,False
Ireland,1876,False,,False
Ireland,1877,False,,False
Ireland,1878,False,,False
Ireland,1879,False,,False
Ireland,1880,False,,False
Ireland,1881,False,,False
Ireland,1882,False,,False
Ireland,1883,False,,False
Ireland,1884,False,,False
Ireland,1885,False,,False
Ireland,1886,False,,False
Ireland,1887,False,,False
Ireland,1888,False,,False
Ireland,1889,False,,False
Ireland,1890,False,,False
Ireland,1891,False,,False
Ireland,1892,False,,False
Ireland,1893,False,,False
Ireland,1894,False,,False
Ireland,1895,False,,False
Ireland,1896,False,,False
Ireland,1897,False,,False
Ireland,1898,False,,False
Ireland,1899,False,,False
Ireland,1900,False,,False
Ireland,1901,False,,False
Ireland,1902,False,,False
Ireland,1903,False,,False
Ireland,1904,False,,False
Ireland,1905,False,,False
Ireland,1906,False,,False
Ireland,1907,False,,False
Ireland,1908,False,,False
Ireland,1909,False,,False
Ireland,1910,False,,False
Ireland,1911,False,,False
Ireland,1912,False,,False
Ireland,1913,False,,False
Ireland,1914,False,,False
Ireland,1915,False,,False
Ireland,1916,False,,False
Ireland,1917,False,,False
Ireland,1918,False,,False
Ireland,1919,False,,False
Ireland,1920,False,,False
Ireland,1921,False,,False
Ireland,1922,False,,False
Ireland,1923,False,,False
Ireland,1924,False,,False
Ireland,1925,False,,False
Ireland,1926,False,,False
Ireland,1927,False,,False
Ireland,1928,False,,False
Ireland,1929,False,,False
Ireland,1930,False,,False
Ireland,1931,False,,False
Ireland,1932,False,,False
Ireland,1933,False,,False
Ireland,1934,False,,False
Ireland,1935,False,,False
Ireland,1936,False,,False
Ireland,1937,False,,False
Ireland,1938,False,,False
Ireland,1939,False,,False
Ireland,1940,False,,False
Ireland,1941,False,,False
Ireland,1942,False,,False
Ireland,1943,False,,False
Ireland,1944,False,,False
Ireland,1945,False,,False
Ireland,1946,False,,False
Ireland,1947,False,,False
Ireland,1948,False,,False
Ireland,1949,False,,False
Ireland,1950,False,,False
Ireland,1951,False,,False
Ireland,1952,False,,False
Ireland,1953,False,,False
Ireland,1954,False,,False
Ireland,1955,False,,False
Ireland,1956,False,,False
Ireland,1957,False,,False
Ireland,1958,False,,False
Ireland,1959,False,,False
Ireland,1960,False,,False
Ireland,1961,False,,False
Ireland,1962,False,,False
Ireland,1963,False,,False
Ireland,1964,False,,False
Ireland,1965,False,,False
Ireland,1966,False,,False
Ireland,1967,False,,False
Ireland,1968,False,,False
Ireland,1969,False,,False
Ireland,1970,False,,False
Ireland,1971,False,,False
Ireland,1972,False,,False
Ireland,1973,False,,False
Ireland,1974,False,,False
Ireland,1975,False,,False
Ireland,1976,False,,False
Ireland,1977,False,,False
Ireland,1978,False,,False
Ireland,1979,False,,False
Ireland,1980,False,,False
Ireland,1981,True,D2,False
Ireland,1982,False,,True
Ireland,1983,False,,True
Ireland,1984,False,,True
Ireland,1985,False,,True
Ireland,1986,False,,True
Ireland,1987,False,,False
Ireland,1988,False,,False
Ireland,1989,False,,False
Ireland,1990,False,,False
Ireland,1991,False,,False
Ireland,1992,False,,False
Ireland,1993,False,,False
Ireland,1994,False,,False
Ireland,1995,False,,False
Ireland,1996,False,,False
Ireland,1997,False,,False
Ireland,1998,False,,False
Ireland,1999,False,,False
Ireland,2000,False,,False
Ireland,2001,False,,False
Ireland,2002,False,,False
Ireland,2003,False,,False
Ireland,2004,False,,False
Ireland,2005,False,,False
Ireland,2006,False,,False
Ireland,2007,False,,False
Ireland,2008,False,,False
Ireland,2009,False,,False
Ireland,2010,True,D4,False
Ireland,2011,False,,True
Ireland,2012,False,,True
Ireland,2013,False,,True
Ireland,2014,False,,True
Ireland,2015,False,,True
Ireland,2016,False,,False
Ireland,2017,False,,False
Ireland,2018,False,,False
Ireland,2019,False,,False
Ireland,2020,False,,False
Italy,1870,False,,False
Italy,1871,False,,False
Italy,1872,False,,False
Italy,1873,False,,False
Italy,1874,False,,False
Italy,1875,False,,False
Italy,1876,False,,False
Italy,1877,False,,False
Italy,1878,False,,False
Italy,1879,False,,False
Italy,1880,False,,False
Italy,1881,False,,False
Italy,1882,False,,False
Italy,1883,False,,False
Italy,1884,False,,False
Italy,1885,False,,False
Italy,1886,False,,False
Italy,1887,False,,False
Italy,1888,False,,False
Italy,1889,False,,False
Italy,1890,False,,False
Italy,1891,False,,False
Italy,1892,False,,False
Italy,1893,False,,False
Italy,1894,False,,False
Italy,1895,False,,False
Italy,1896,False,,False
Italy,1897,False,,False
Italy,1898,False,,False
Italy,1899,False,,False
Italy,1900,False,,False
Italy,1901,False,,False
Italy,1902,False,,False
Italy,1903,False,,False
Italy,1904,False,,False
Italy,1905,False,,False
Italy,1906,False,,False
Italy,1907,False,,False
Italy,1908,False,,False
Italy,1909,False,,False
Italy,1910,False,,False
Italy,1911,False,,False
Italy,1912,False,,False
Italy,1913,False,,False
Italy,1914,False,,False
Italy,1915,True,D3,False
Italy,1916,False,,True
Italy,1917,False,,True
Italy,1918,False,,True
Italy,1919,False,,True
Italy,1920,False,,True
Italy,1921,False,,False
Italy,1922,False,,False
Italy,1923,False,,False
Italy,1924,False,,False
Italy,1925,False,,False
Italy,1926,False,,False
Italy,1927,False,,False
Italy,1928,False,,False
Italy,1929,False,,False
Italy,1930,False,,False
Italy,1931,False,,False
Italy,1932,False,,False
Italy,1933,False,,False
Italy,1934,False,,False
Italy,1935,False,,False
Italy,1936,False,,False
Italy,1937,False,,False
Italy,1938,False,,False
Italy,1939,False,,False
Italy,1940,True,D1,False
Italy,1941,False,,True
Italy,1942,False,,True
Italy,1943,False,,True
Italy,1944,False,,True
Italy,1945,False,,True
Italy,1946,False,,False
Italy,1947,False,,False
Italy,1948,False,,False
Italy,1949,False,,False
Italy,1950,False,,False
Italy,1951,False,,False
Italy,1952,False,,False
Italy,1953,False,,False
Italy,1954,False,,False
Italy,1955,False,,False
Italy,1956,False,,False
Italy,1957,False,,False
Italy,1958,False,,False
Italy,1959,False,,False
Italy,1960,False,,False
Italy,1961,False,,False
Italy,1962,False,,False
Italy,1963,False,,False
Italy,1964,False,,False
Italy,1965,False,,False
Italy,1966,False,,False
Italy,1967,False,,False
Italy,1968,False,,False
Italy,1969,False,,False
Italy,1970,False,,False
Italy,1971,False,,False
Italy,1972,False,,False
Italy,1973,False,,False
Italy,1974,True,D4,False
Italy,1975,False,,True
Italy,1976,False,,True
Italy,1977,False,,True
Italy,1978,False,,True
Italy,1979,False,,True
Italy,1980,False,,False
Italy,1981,False,,False
Italy,1982,False,,False
Italy,1983,False,,False
Italy,1984,False,,False
Italy,1985,False,,False
Italy,1986,False,,False
Italy,1987,False,,False
Italy,1988,False,,False
Italy,1989,False,,False
Italy,1990,False,,False
Italy,1991,False,,False
Italy,1992,False,,False
Italy,1993,False,,False
Italy,1994,False,,False
Italy,1995,False,,False
Italy,1996,False,,False
Italy,1997,False,,False
Italy,1998,False,,False
Italy,1999,False,,False
Italy,2000,False,,False
Italy,2001,False,,False
Italy,2002,False,,False
Italy,2003,False,,False
Italy,2004,False,,False
Italy,2005,False,,False
Italy,2006,False,,False
Italy,2007,False,,False
Italy,2008,False,,False
Italy,2009,False,,False
Italy,2010,False,,False
Italy,2011,False,,False
Italy,2012,False,,False
Italy,2013,False,,False
Italy,2014,False,,False
Italy,2015,False,,False
Italy,2016,False,,False
Italy,2017,False,,False
Italy,2018,False,,False
Italy,2019,False,,False
Italy,2020,False,,False
Japan,1870,False,,False
Japan,1871,False,,False
Japan,1872,False,,False
Japan,1873,False,,False
Japan,1874,False,,False
Japan,1875,False,,False
Japan,1876,False,,False
Japan,1877,False,,False
Japan,1878,False,,False
Japan,1879,False,,False
Japan,1880,False,,False
Japan,1881,False,,False
Japan,1882,False,,False
Japan,1883,False,,False
Japan,1884,False,,False
Japan,1885,False,,False
Japan,1886,False,,False
Japan,1887,False,,False
Japan,1888,False,,False
Japan,1889,False,,False
Japan,1890,False,,False
Japan,1891,False,,False
Japan,1892,False,,False
Japan,1893,False,,False
Japan,1894,False,,False
Japan,1895,False,,False
Japan,1896,False,,False
Japan,1897,False,,False
Japan,1898,False,,False
Japan,1899,False,,False
Japan,1900,False,,False
Japan,1901,False,,False
Japan,1902,False,,False
Japan,1903,False,,False
Japan,1904,False,,False
Japan,1905,False,,False
Japan,1906,False,,False
Japan,1907,False,,False
Japan,1908,False,,False
Japan,1909,False,,False
Japan,1910,False,,False
Japan,1911,False,,False
Japan,1912,False,,False
Japan,1913,False,,False
Japan,1914,False,,False
Japan,1915,False,,False
Japan,1916,False,,False
Japan,1917,False,,False
Japan,1918,False,,False
Japan,1919,False,,False
Japan,1920,False,,False
Japan,1921,False,,False
Japan,1922,False,,False
Japan,1923,False,,False
Japan,1924,False,,False
Japan,1925,False,,False
Japan,1926,False,,False
Japan,1927,False,,False
Japan,1928,False,,False
Japan,1929,False,,False
Japan,1930,False,,False
Japan,1931,False,,False
Japan,1932,False,,False
Japan,1933,False,,False
Japan,1934,False,,False
Japan,1935,False,,False
Japan,1936,False,,False
Japan,1937,False,,False
Japan,1938,False,,False
Japan,1939,False,,False
Japan,1940,False,,False
Japan,1941,False,,False
Japan,1942,True,D1,False
Japan,1943,False,,True
Japan,1944,False,,True
Japan,1945,False,,True
Japan,1946,False,,True
Japan,1947,False,,True
Japan,1948,False,,False
Japan,1949,False,,False
Japan,1950,False,,False
Japan,1951,False,,False
Japan,1952,False,,False
Japan,1953,False,,False
Japan,1954,False,,False
Japan,1955,False,,False
Japan,1956,False,,False
Japan,1957,False,,False
Japan,1958,False,,False
Japan,1959,False,,False
Japan,1960,False,,False
Japan,1961,False,,False
Japan,1962,False,,False
Japan,1963,False,,False
Japan,1964,False,,False
Japan,1965,False,,False
Japan,1966,False,,False
Japan,1967,False,,False
Japan,1968,False,,False
Japan,1969,False,,False
Japan,1970,False,,False
Japan,1971,False,,False
Japan,1972,False,,False
Japan,1973,False,,False
Japan,1974,False,,False
Japan,1975,False,,False
Japan,1976,False,,False
Japan,1977,False,,False
Japan,1978,False,,False
Japan,1979,False,,False
Japan,1980,False,,False
Japan,1981,False,,False
Japan,1982,False,,False
Japan,1983,False,,False
Japan,1984,False,,False
Japan,1985,False,,False
Japan,1986,False,,False
Japan,1987,False,,False
Japan,1988,False,,False
Japan,1989,False,,False
Japan,1990,False,,False
Japan,1991,False,,False
Japan,1992,False,,False
Japan,1993,False,,False
Japan,1994,False,,False
Japan,1995,False,,False
Japan,1996,False,,False
Japan,1997,False,,False
Japan,1998,False,,False
Japan,1999,False,,False
Japan,2000,False,,False
Japan,2001,False,,False
Japan,2002,False,,False
Japan,2003,False,,False
Japan,2004,False,,False
Japan,2005,False,,False
Japan,2006,False,,False
Japan,2007,False,,False
Japan,2008,False,,False
Japan,2009,False,,False
Japan,2010,False,,False
Japan,2011,False,,False
Japan,2012,False,,False
Japan,2013,False,,False
Japan,2014,False,,False
Japan,2015,False,,False
Japan,2016,False,,False
Japan,2017,False,,False
Japan,2018,False,,False
Japan,2019,False,,False
Japan,2020,False,,False
Netherlands,1870,False,,False
Netherlands,1871,False,,False
Netherlands,1872,False,,False
Netherlands,1873,False,,False
Netherlands,1874,False,,False
Netherlands,1875,False,,False
Netherlands,1876,False,,False
Netherlands,1877,False,,False
Netherlands,1878,False,,False
Netherlands,1879,False,,False
Netherlands,1880,False,,False
Netherlands,1881,False,,False
Netherlands,1882,False,,False
Netherlands,1883,False,,False
Netherlands,1884,False,,False
Netherlands,1885,False,,False
Netherlands,1886,False,,False
Netherlands,1887,False,,False
Netherlands,1888,False,,False
Netherlands,1889,False,,False
Netherlands,1890,False,,False
Netherlands,1891,False,,False
Netherlands,1892,False,,False
Netherlands,1893,False,,False
Netherlands,1894,False,,False
Netherlands,1895,False,,False
Netherlands,1896,False,,False
Netherlands,1897,False,,False
Netherlands,1898,False,,False
Netherlands,1899,False,,False
Netherlands,1900,False,,False
Netherlands,1901,False,,False
Netherlands,1902,False,,False
Netherlands,1903,False,,False
Netherlands,1904,False,,False
Netherlands,1905,False,,False
Netherlands,1906,False,,False
Netherlands,1907,False,,False
Netherlands,1908,False,,False
Netherlands,1909,False,,False
Netherlands,1910,False,,False
Netherlands,1911,False,,False
Netherlands,1912,False,,False
Netherlands,1913,False,,False
Netherlands,1914,False,,False
Netherlands,1915,True,D3,False
Netherlands,1916,False,,True
Netherlands,1917,False,,True
Netherlands,1918,False,,True
Netherlands,1919,False,,True
Netherlands,1920,False,,True
Netherlands,1921,False,,False
Netherlands,1922,False,,False
Netherlands,1923,False,,False
Netherlands,1924,False,,False
Netherlands,1925,False,,False
Netherlands,1926,False,,False
Netherlands,1927,False,,False
Netherlands,1928,False,,False
Netherlands,1929,False,,False
Netherlands,1930,False,,False
Netherlands,1931,False,,False
Netherlands,1932,False,,False
Netherlands,1933,False,,False
Netherlands,1934,False,,False
Netherlands,1935,False,,False
Netherlands,1936,False,,False
Netherlands,1937,False,,False
Netherlands,1938,False,,False
Netherlands,1939,True,D3,False
Netherlands,1940,False,,True
Netherlands,1941,False,,True
Netherlands,1942,False,,True
Netherlands,1943,False,,True
Netherlands,1944,False,,True
Netherlands,1945,False,,False
Netherlands,1946,False,,False
Netherlands,1947,False,,False
Netherlands,1948,False,,False
Netherlands,1949,False,,False
Netherlands,1950,False,,False
Netherlands,1951,True,D3,False
Netherlands,1952,False,,True
Netherlands,1953,False,,True
Netherlands,1954,False,,True
Netherlands,1955,False,,True
Netherlands,1956,False,,True
Netherlands,1957,True,D3,False
Netherlands,1958,False,,True
Netherlands,1959,False,,True
Netherlands,1960,False,,True
Netherlands,1961,False,,True
Netherlands,1962,False,,True
Netherlands,1963,False,,False
Netherlands,1964,False,,False
Netherlands,1965,False,,False
Netherlands,1966,False,,False
Netherlands,1967,False,,False
Netherlands,1968,False,,False
Netherlands,1969,False,,False
Netherlands,1970,False,,False
Netherlands,1971,False,,False
Netherlands,1972,False,,False
Netherlands,1973,False,,False
Netherlands,1974,False,,False
Netherlands,1975,False,,False
Netherlands,1976,False,,False
Netherlands,1977,False,,False
Netherlands,1978,False,,False
Netherlands,1979,False,,False
Netherlands,1980,False,,False
Netherlands,1981,False,,False
Netherlands,1982,False,,False
Netherlands,1983,False,,False
Netherlands,1984,False,,False
Netherlands,1985,False,,False
Netherlands,1986,False,,False
Netherlands,1987,False,,False
Netherlands,1988,False,,False
Netherlands,1989,False,,False
Netherlands,1990,False,,False
Netherlands,1991,False,,False
Netherlands,1992,False,,False
Netherlands,1993,False,,False
Netherlands,1994,False,,False
Netherlands,1995,False,,False
Netherlands,1996,False,,False
Netherlands,1997,False,,False
Netherlands,1998,False,,False
Netherlands,1999,False,,False
Netherlands,2000,False,,False
Netherlands,2001,False,,False
Netherlands,2002,False,,False
Netherlands,2003,False,,False
Netherlands,2004,False,,False
Netherlands,2005,False,,False
Netherlands,2006,False,,False
Netherlands,2007,False,,False
Netherlands,2008,False,,False
Netherlands,2009,False,,False
Netherlands,2010,False,,False
Netherlands,2011,False,,False
Netherlands,2012,False,,False
Netherlands,2013,False,,False
Netherlands,2014,False,,False
Netherlands,2015,False,,False
Netherlands,2016,False,,False
Netherlands,2017,False,,False
Netherlands,2018,False,,False
Netherlands,2019,False,,False
Netherlands,2020,False,,False
Norway,1870,False,,False
Norway,1871,False,,False
Norway,1872,False,,False
Norway,1873,False,,False
Norway,1874,False,,False
Norway,1875,False,,False
Norway,1876,False,,False
Norway,1877,False,,False
Norway,1878,False,,False
Norway,1879,False,,False
Norway,1880,False,,False
Norway,1881,False,,False
Norway,1882,False,,False
Norway,1883,False,,False
Norway,1884,False,,False
Norway,1885,False,,False
Norway,1886,False,,False
Norway,1887,False,,False
Norway,1888,False,,False
Norway,1889,False,,False
Norway,1890,False,,False
Norway,1891,False,,False
Norway,1892,False,,False
Norway,1893,False,,False
Norway,1894,False,,False
Norway,1895,False,,False
Norway,1896,False,,False
Norway,1897,False,,False
Norway,1898,False,,False
Norway,1899,False,,False
Norway,1900,False,,False
Norway,1901,False,,False
Norway,1902,False,,False
Norway,1903,False,,False
Norway,1904,False,,False
Norway,1905,False,,False
Norway,1906,False,,False
Norway,1907,False,,False
Norway,1908,False,,False
Norway,1909,False,,False
Norway,1910,False,,False
Norway,1911,False,,False
Norway,1912,False,,False
Norway,1913,False,,False
Norway,1914,False,,False
Norway,1915,False,,False
Norway,1916,False,,False
Norway,1917,False,,False
Norway,1918,False,,False
Norway,1919,False,,False
Norway,1920,False,,False
Norway,1921,False,,False
Norway,1922,False,,False
Norway,1923,False,,False
Norway,1924,False,,False
Norway,1925,False,,False
Norway,1926,False,,False
Norway,1927,False,,False
Norway,1928,False,,False
Norway,1929,False,,False
Norway,1930,False,,False
Norway,1931,False,,False
Norway,1932,False,,False
Norway,1933,False,,False
Norway,1934,False,,False
Norway,1935,False,,False
Norway,1936,False,,False
Norway,1937,False,,False
Norway,1938,False,,False
Norway,1939,False,,False
Norway,1940,False,,False
Norway,1941,False,,False
Norway,1942,False,,False
Norway,1943,False,,False
Norway,1944,False,,False
Norway,1945,False,,False
Norway,1946,False,,False
Norway,1947,False,,False
Norway,1948,False,,False
Norway,1949,False,,False
Norway,1950,False,,False
Norway,1951,False,,False
Norway,1952,False,,False
Norway,1953,False,,False
Norway,1954,False,,False
Norway,1955,False,,False
Norway,1956,False,,False
Norway,1957,False,,False
Norway,1958,False,,False
Norway,1959,False,,False
Norway,1960,False,,False
Norway,1961,False,,False
Norway,1962,False,,False
Norway,1963,False,,False
Norway,1964,False,,False
Norway,1965,False,,False
Norway,1966,False,,False
Norway,1967,False,,False
Norway,1968,False,,False
Norway,1969,False,,False
Norway,1970,False,,False
Norway,1971,False,,False
Norway,1972,False,,False
Norway,1973,False,,False
Norway,1974,False,,False
Norway,1975,False,,False
Norway,1976,False,,False
Norway,1977,False,,False
Norway,1978,False,,False
Norway,1979,False,,False
Norway,1980,False,,False
Norway,1981,False,,False
Norway,1982,False,,False
Norway,1983,False,,False
Norway,1984,False,,False
Norway,1985,False,,False
Norway,1986,False,,False
Norway,1987,False,,False
Norway,1988,False,,False
Norway,1989,False,,False
Norway,1990,False,,False
Norway,1991,False,,False
Norway,1992,False,,False
Norway,1993,False,,False
Norway,1994,False,,False
Norway,1995,False,,False
Norway,1996,False,,False
Norway,1997,False,,False
Norway,1998,False,,False
Norway,1999,False,,False
Norway,2000,False,,False
Norway,2001,False,,False
Norway,2002,False,,False
Norway,2003,False,,False
Norway,2004,False,,False
Norway,2005,False,,False
Norway,2006,False,,False
Norway,2007,False,,False
Norway,2008,False,,False
Norway,2009,False,,False
Norway,2010,False,,False
Norway,2011,False,,False
Norway,2012,False,,False
Norway,2013,False,,False
Norway,2014,False,,False
Norway,2015,False,,False
Norway,2016,False,,False
Norway,2017,False,,False
Norway,2018,False,,False
Norway,2019,False,,False
Norway,2020,False,,False
Portugal,1870,False,,False
Portugal,1871,False,,False
Portugal,1872,False,,False
Portugal,1873,True,"D2,D3",False
Portugal,1874,False,,True
Portugal,1875,False,,True
Portugal,1876,False,,True
Portugal,1877,False,,True
Portugal,1878,False,,True
Portugal,1879,False,,False
Portugal,1880,False,,False
Portugal,1881,False,,False
Portugal,1882,False,,False
Portugal,1883,False,,False
Portugal,1884,False,,False
Portugal,1885,False,,False
Portugal,1886,False,,False
Portugal,1887,False,,False
Portugal,1888,False,,False
Portugal,1889,False,,False
Portugal,1890,True,D3,False
Portugal,1891,False,,True
Portugal,1892,False,,True
Portugal,1893,False,,True
Portugal,1894,False,,True
Portugal,1895,False,,True
Portugal,1896,False,,False
Portugal,1897,False,,False
Portugal,1898,False,,False
Portugal,1899,False,,False
Portugal,1900,False,,False
Portugal,1901,False,,False
Portugal,1902,False,,False
Portugal,1903,False,,False
Portugal,1904,False,,False
Portugal,1905,False,,False
Portugal,1906,False,,False
Portugal,1907,False,,False
Portugal,1908,False,,False
Portugal,1909,False,,False
Portugal,1910,False,,False
Portugal,1911,False,,False
Portugal,1912,False,,False
Portugal,1913,False,,False
Portugal,1914,False,,False
Portugal,1915,False,,False
Portugal,1916,True,D2,False
Portugal,1917,False,,True
Portugal,1918,False,,True
Portugal,1919,False,,True
Portugal,1920,False,,True
Portugal,1921,False,,True
Portugal,1922,True,D2,False
Portugal,1923,False,,True
Portugal,1924,False,,True
Portugal,1925,False,,True
Portugal,1926,False,,True
Portugal,1927,False,,True
Portugal,1928,False,,False
Portugal,1929,False,,False
Portugal,1930,False,,False
Portugal,1931,False,,False
Portugal,1932,False,,False
Portugal,1933,False,,False
Portugal,1934,False,,False
Portugal,1935,False,,False
Portugal,1936,False,,False
Portugal,1937,False,,False
Portugal,1938,False,,False
Portugal,1939,False,,False
Portugal,1940,False,,False
Portugal,1941,False,,False
Portugal,1942,False,,False
Portugal,1943,False,,False
Portugal,1944,False,,False
Portugal,1945,False,,False
Portugal,1946,False,,False
Portugal,1947,False,,False
Portugal,1948,False,,False
Portugal,1949,False,,False
Portugal,1950,False,,False
Portugal,1951,False,,False
Portugal,1952,False,,False
Portugal,1953,False,,False
Portugal,1954,False,,False
Portugal,1955,False,,False
Portugal,1956,False,,False
Portugal,1957,False,,False
Portugal,1958,False,,False
Portugal,1959,False,,False
Portugal,1960,False,,False
Portugal,1961,False,,False
Portugal,1962,False,,False
Portugal,1963,False,,False
Portugal,1964,False,,False
Portugal,1965,False,,False
Portugal,1966,False,,False
Portugal,1967,False,,False
Portugal,1968,False,,False
Portugal,1969,False,,False
Portugal,1970,False,,False
Portugal,1971,False,,False
Portugal,1972,False,,False
Portugal,1973,False,,False
Portugal,1974,False,,False
Portugal,1975,False,,False
Portugal,1976,False,,False
Portugal,1977,True,D4,False
Portugal,1978,False,,True
Portugal,1979,False,,True
Portugal,1980,False,,True
Portugal,1981,False,,True
Portugal,1982,False,,True
Portugal,1983,True,D4,False
Portugal,1984,False,,True
Portugal,1985,False,,True
Portugal,1986,False,,True
Portugal,1987,False,,True
Portugal,1988,False,,True
Portugal,1989,False,,False
Portugal,1990,False,,False
Portugal,1991,False,,False
Portugal,1992,False,,False
Portugal,1993,False,,False
Portugal,1994,False,,False
Portugal,1995,False,,False
Portugal,1996,False,,False
Portugal,1997,False,,False
Portugal,1998,False,,False
Portugal,1999,False,,False
Portugal,2000,False,,False
Portugal,2001,False,,False
Portugal,2002,False,,False
Portugal,2003,False,,False
Portugal,2004,False,,False
Portugal,2005,False,,False
Portugal,2006,False,,False
Portugal,2007,False,,False
Portugal,2008,False,,False
Portugal,2009,False,,False
Portugal,2010,False,,False
Portugal,2011,True,"D3,D4",False
Portugal,2012,False,,True
Portugal,2013,False,,True
Portugal,2014,False,,True
Portugal,2015,False,,True
Portugal,2016,False,,True
Portugal,2017,False,,False
Portugal,2018,False,,False
Portugal,2019,False,,False
Portugal,2020,False,,False
Spain,1870,False,,False
Spain,1871,False,,False
Spain,1872,False,,False
Spain,1873,True,D1,False
Spain,1874,False,,True
Spain,1875,False,,True
Spain,1876,False,,True
Spain,1877,False,,True
Spain,1878,False,,True
Spain,1879,False,,False
Spain,1880,False,,False
Spain,1881,False,,False
Spain,1882,True,D1,False
Spain,1883,False,,True
Spain,1884,False,,True
Spain,1885,False,,True
Spain,1886,False,,True
Spain,1887,False,,True
Spain,1888,False,,False
Spain,1889,False,,False
Spain,1890,False,,False
Spain,1891,False,,False
Spain,1892,False,,False
Spain,1893,False,,False
Spain,1894,False,,False
Spain,1895,False,,False
Spain,1896,False,,False
Spain,1897,False,,False
Spain,1898,False,,False
Spain,1899,False,,False
Spain,1900,False,,False
Spain,1901,False,,False
Spain,1902,False,,False
Spain,1903,False,,False
Spain,1904,False,,False
Spain,1905,False,,False
Spain,1906,False,,False
Spain,1907,False,,False
Spain,1908,False,,False
Spain,1909,False,,False
Spain,1910,False,,False
Spain,1911,False,,False
Spain,1912,False,,False
Spain,1913,False,,False
Spain,1914,False,,False
Spain,1915,False,,False
Spain,1916,False,,False
Spain,1917,False,,False
Spain,1918,False,,False
Spain,1919,False,,False
Spain,1920,False,,False
Spain,1921,False,,False
Spain,1922,False,,False
Spain,1923,False,,False
Spain,1924,False,,False
Spain,1925,False,,False
Spain,1926,False,,False
Spain,1927,False,,False
Spain,1928,False,,False
Spain,1929,False,,False
Spain,1930,False,,False
Spain,1931,False,,False
Spain,1932,False,,False
Spain,1933,False,,False
Spain,1934,False,,False
Spain,1935,False,,False
Spain,1936,True,D1,False
Spain,1937,False,,True
Spain,1938,False,,True
Spain,1939,False,,True
Spain,1940,False,,True
Spain,1941,False,,True
Spain,1942,False,,False
Spain,1943,False,,False
Spain,1944,False,,False
Spain,1945,False,,False
Spain,1946,False,,False
Spain,1947,True,"D2,D3",False
Spain,1948,False,,True
Spain,1949,False,,True
Spain,1950,False,,True
Spain,1951,False,,True
Spain,1952,False,,True
Spain,1953,False,,False
Spain,1954,False,,False
Spain,1955,False,,False
Spain,1956,False,,False
Spain,1957,False,,False
Spain,1958,False,,False
Spain,1959,False,,False
Spain,1960,False,,False
Spain,1961,False,,False
Spain,1962,False,,False
Spain,1963,False,,False
Spain,1964,False,,False
Spain,1965,False,,False
Spain,1966,False,,False
Spain,1967,False,,False
Spain,1968,False,,False
Spain,1969,False,,False
Spain,1970,False,,False
Spain,1971,False,,False
Spain,1972,False,,False
Spain,1973,False,,False
Spain,1974,False,,False
Spain,1975,False,,False
Spain,1976,False,,False
Spain,1977,False,,False
Spain,1978,True,D4,False
Spain,1979,False,,True
Spain,1980,False,,True
Spain,1981,False,,True
Spain,1982,False,,True
Spain,1983,False,,True
Spain,1984,False,,False
Spain,1985,False,,False
Spain,1986,False,,False
Spain,1987,False,,False
Spain,1988,False,,False
Spain,1989,False,,False
Spain,1990,False,,False
Spain,1991,False,,False
Spain,1992,False,,False
Spain,1993,False,,False
Spain,1994,False,,False
Spain,1995,False,,False
Spain,1996,False,,False
Spain,1997,False,,False
Spain,1998,False,,False
Spain,1999,False,,False
Spain,2000,False,,False
Spain,2001,False,,False
Spain,2002,False,,False
Spain,2003,False,,False
Spain,2004,False,,False
Spain,2005,False,,False
Spain,2006,False,,False
Spain,2007,False,,False
Spain,2008,False,,False
Spain,2009,False,,False
Spain,2010,False,,False
Spain,2011,False,,False
Spain,2012,False,,False
Spain,2013,False,,False
Spain,2014,False,,False
Spain,2015,False,,False
Spain,2016,False,,False
Spain,2017,False,,False
Spain,2018,False,,False
Spain,2019,False,,False
Spain,2020,False,,False
Sweden,1870,False,,False
Sweden,1871,False,,False
Sweden,1872,False,,False
Sweden,1873,False,,False
Sweden,1874,False,,False
Sweden,1875,False,,False
Sweden,1876,False,,False
Sweden,1877,False,,False
Sweden,1878,False,,False
Sweden,1879,False,,False
Sweden,1880,False,,False
Sweden,1881,False,,False
Sweden,1882,False,,False
Sweden,1883,False,,False
Sweden,1884,False,,False
Sweden,1885,False,,False
Sweden,1886,False,,False
Sweden,1887,False,,False
Sweden,1888,False,,False
Sweden,1889,False,,False
Sweden,1890,False,,False
Sweden,1891,False,,False
Sweden,1892,False,,False
Sweden,1893,False,,False
Sweden,1894,False,,False
Sweden,1895,False,,False
Sweden,1896,False,,False
Sweden,1897,False,,False
Sweden,1898,False,,False
Sweden,1899,False,,False
Sweden,1900,False,,False
Sweden,1901,False,,False
Sweden,1902,False,,False
Sweden,1903,False,,False
Sweden,1904,False,,False
Sweden,1905,False,,False
Sweden,1906,False,,False
Sweden,1907,False,,False
Sweden,1908,False,,False
Sweden,1909,False,,False
Sweden,1910,False,,False
Sweden,1911,False,,False
Sweden,1912,False,,False
Sweden,1913,False,,False
Sweden,1914,False,,False
Sweden,1915,False,,False
Sweden,1916,False,,False
Sweden,1917,False,,False
Sweden,1918,False,,False
Sweden,1919,False,,False
Sweden,1920,False,,False
Sweden,1921,False,,False
Sweden,1922,False,,False
Sweden,1923,False,,False
Sweden,1924,False,,False
Sweden,1925,False,,False
Sweden,1926,False,,False
Sweden,1927,False,,False
Sweden,1928,False,,False
Sweden,1929,False,,False
Sweden,1930,False,,False
Sweden,1931,False,,False
Sweden,1932,False,,False
Sweden,1933,False,,False
Sweden,1934,False,,False
Sweden,1935,False,,False
Sweden,1936,False,,False
Sweden,1937,False,,False
Sweden,1938,False,,False
Sweden,1939,False,,False
Sweden,1940,False,,False
Sweden,1941,False,,False
Sweden,1942,False,,False
Sweden,1943,False,,False
Sweden,1944,False,,False
Sweden,1945,False,,False
Sweden,1946,False,,False
Sweden,1947,False,,False
Sweden,1948,False,,False
Sweden,1949,False,,False
Sweden,1950,False,,False
Sweden,1951,False,,False
Sweden,1952,False,,False
Sweden,1953,False,,False
Sweden,1954,False,,False
Sweden,1955,False,,False
Sweden,1956,False,,False
Sweden,1957,False,,False
Sweden,1958,False,,False
Sweden,1959,False,,False
Sweden,1960,False,,False
Sweden,1961,False,,False
Sweden,1962,False,,False
Sweden,1963,False,,False
Sweden,1964,False,,False
Sweden,1965,False,,False
Sweden,1966,False,,False
Sweden,1967,False,,False
Sweden,1968,False,,False
Sweden,1969,False,,False
Sweden,1970,False,,False
Sweden,1971,False,,False
Sweden,1972,False,,False
Sweden,1973,False,,False
Sweden,1974,False,,False
Sweden,1975,False,,False
Sweden,1976,False,,False
Sweden,1977,False,,False
Sweden,1978,False,,False
Sweden,1979,False,,False
Sweden,1980,False,,False
Sweden,1981,False,,False
Sweden,1982,False,,False
Sweden,1983,False,,False
Sweden,1984,False,,False
Sweden,1985,False,,False
Sweden,1986,False,,False
Sweden,1987,False,,False
Sweden,1988,False,,False
Sweden,1989,False,,False
Sweden,1990,False,,False
Sweden,1991,False,,False
Sweden,1992,False,,False
Sweden,1993,False,,False
Sweden,1994,False,,False
Sweden,1995,False,,False
Sweden,1996,False,,False
Sweden,1997,False,,False
Sweden,1998,False,,False
Sweden,1999,False,,False
Sweden,2000,False,,False
Sweden,2001,False,,False
Sweden,2002,False,,False
Sweden,2003,False,,False
Sweden,2004,False,,False
Sweden,2005,False,,False
Sweden,2006,False,,False
Sweden,2007,False,,False
Sweden,2008,False,,False
Sweden,2009,False,,False
Sweden,2010,False,,False
Sweden,2011,False,,False
Sweden,2012,False,,False
Sweden,2013,False,,False
Sweden,2014,False,,False
Sweden,2015,False,,False
Sweden,2016,False,,False
Sweden,2017,False,,False
Sweden,2018,False,,False
Sweden,2019,False,,False
Sweden,2020,False,,False
Switzerland,1870,False,,False
Switzerland,1871,False,,False
Switzerland,1872,False,,False
Switzerland,1873,False,,False
Switzerland,1874,False,,False
Switzerland,1875,False,,False
Switzerland,1876,False,,False
Switzerland,1877,False,,False
Switzerland,1878,False,,False
Switzerland,1879,False,,False
Switzerland,1880,False,,False
Switzerland,1881,False,,False
Switzerland,1882,False,,False
Switzerland,1883,False,,False
Switzerland,1884,False,,False
Switzerland,1885,False,,False
Switzerland,1886,False,,False
Switzerland,1887,False,,False
Switzerland,1888,False,,False
Switzerland,1889,False,,False
Switzerland,1890,False,,False
Switzerland,1891,False,,False
Switzerland,1892,False,,False
Switzerland,1893,False,,False
Switzerland,1894,False,,False
Switzerland,1895,False,,False
Switzerland,1896,False,,False
Switzerland,1897,False,,False
Switzerland,1898,False,,False
Switzerland,1899,False,,False
Switzerland,1900,False,,False
Switzerland,1901,False,,False
Switzerland,1902,False,,False
Switzerland,1903,False,,False
Switzerland,1904,False,,False
Switzerland,1905,False,,False
Switzerland,1906,False,,False
Switzerland,1907,False,,False
Switzerland,1908,False,,False
Switzerland,1909,False,,False
Switzerland,1910,False,,False
Switzerland,1911,False,,False
Switzerland,1912,False,,False
Switzerland,1913,False,,False
Switzerland,1914,False,,False
Switzerland,1915,False,,False
Switzerland,1916,False,,False
Switzerland,1917,False,,False
Switzerland,1918,False,,False
Switzerland,1919,False,,False
Switzerland,1920,False,,False
Switzerland,1921,False,,False
Switzerland,1922,False,,False
Switzerland,1923,False,,False
Switzerland,1924,False,,False
Switzerland,1925,False,,False
Switzerland,1926,False,,False
Switzerland,1927,False,,False
Switzerland,1928,False,,False
Switzerland,1929,False,,False
Switzerland,1930,False,,False
Switzerland,1931,False,,False
Switzerland,1932,False,,False
Switzerland,1933,False,,False
Switzerland,1934,False,,False
Switzerland,1935,False,,False
Switzerland,1936,False,,False
Switzerland,1937,False,,False
Switzerland,1938,False,,False
Switzerland,1939,False,,False
Switzerland,1940,False,,False
Switzerland,1941,False,,False
Switzerland,1942,False,,False
Switzerland,1943,False,,False
Switzerland,1944,False,,False
Switzerland,1945,False,,False
Switzerland,1946,False,,False
Switzerland,1947,False,,False
Switzerland,1948,False,,False
Switzerland,1949,False,,False
Switzerland,1950,False,,False
Switzerland,1951,False,,False
Switzerland,1952,False,,False
Switzerland,1953,False,,False
Switzerland,1954,False,,False
Switzerland,1955,False,,False
Switzerland,1956,False,,False
Switzerland,1957,False,,False
Switzerland,1958,False,,False
Switzerland,1959,False,,False
Switzerland,1960,False,,False
Switzerland,1961,False,,False
Switzerland,1962,False,,False
Switzerland,1963,False,,False
Switzerland,1964,False,,False
Switzerland,1965,False,,False
Switzerland,1966,False,,False
Switzerland,1967,False,,False
Switzerland,1968,False,,False
Switzerland,1969,False,,False
Switzerland,1970,False,,False
Switzerland,1971,False,,False
Switzerland,1972,False,,False
Switzerland,1973,False,,False
Switzerland,1974,False,,False
Switzerland,1975,False,,False
Switzerland,1976,False,,False
Switzerland,1977,False,,False
Switzerland,1978,False,,False
Switzerland,1979,False,,False
Switzerland,1980,False,,False
Switzerland,1981,False,,False
Switzerland,1982,False,,False
Switzerland,1983,False,,False
Switzerland,1984,False,,False
Switzerland,1985,False,,False
Switzerland,1986,False,,False
Switzerland,1987,False,,False
Switzerland,1988,False,,False
Switzerland,1989,False,,False
Switzerland,1990,False,,False
Switzerland,1991,False,,False
Switzerland,1992,False,,False
Switzerland,1993,False,,False
Switzerland,1994,False,,False
Switzerland,1995,False,,False
Switzerland,1996,False,,False
Switzerland,1997,False,,False
Switzerland,1998,False,,False
Switzerland,1999,False,,False
Switzerland,2000,False,,False
Switzerland,2001,False,,False
Switzerland,2002,False,,False
Switzerland,2003,False,,False
Switzerland,2004,False,,False
Switzerland,2005,False,,False
Switzerland,2006,False,,False
Switzerland,2007,False,,False
Switzerland,2008,False,,False
Switzerland,2009,False,,False
Switzerland,2010,False,,False
Switzerland,2011,False,,False
Switzerland,2012,False,,False
Switzerland,2013,False,,False
Switzerland,2014,False,,False
Switzerland,2015,False,,False
Switzerland,2016,False,,False
Switzerland,2017,False,,False
Switzerland,2018,False,,False
Switzerland,2019,False,,False
Switzerland,2020,False,,False
UK,1870,False,,False
UK,1871,False,,False
UK,1872,False,,False
UK,1873,False,,False
UK,1874,False,,False
UK,1875,False,,False
UK,1876,False,,False
UK,1877,False,,False
UK,1878,False,,False
UK,1879,False,,False
UK,1880,False,,False
UK,1881,False,,False
UK,1882,False,,False
UK,1883,False,,False
UK,1884,False,,False
UK,1885,False,,False
UK,1886,False,,False
UK,1887,False,,False
UK,1888,False,,False
UK,1889,False,,False
UK,1890,False,,False
UK,1891,False,,False
UK,1892,False,,False
UK,1893,False,,False
UK,1894,False,,False
UK,1895,False,,False
UK,1896,False,,False
UK,1897,False,,False
UK,1898,False,,False
UK,1899,False,,False
UK,1900,False,,False
UK,1901,False,,False
UK,1902,False,,False
UK,1903,False,,False
UK,1904,False,,False
UK,1905,False,,False
UK,1906,False,,False
UK,1907,False,,False
UK,1908,False,,False
UK,1909,False,,False
UK,1910,False,,False
UK,1911,False,,False
UK,1912,False,,False
UK,1913,False,,False
UK,1914,False,,False
UK,1915,False,,False
UK,1916,False,,False
UK,1917,True,"D2,D3",False
UK,1918,False,,True
UK,1919,False,,True
UK,1920,False,,True
UK,1921,False,,True
UK,1922,False,,True
UK,1923,False,,False
UK,1924,False,,False
UK,1925,False,,False
UK,1926,False,,False
UK,1927,False,,False
UK,1928,False,,False
UK,1929,False,,False
UK,1930,False,,False
UK,1931,False,,False
UK,1932,False,,False
UK,1933,False,,False
UK,1934,False,,False
UK,1935,False,,False
UK,1936,False,,False
UK,1937,False,,False
UK,1938,False,,False
UK,1939,False,,False
UK,1940,False,,False
UK,1941,False,,False
UK,1942,False,,False
UK,1943,False,,False
UK,1944,False,,False
UK,1945,False,,False
UK,1946,False,,False
UK,1947,True,D3,False
UK,1948,False,,True
UK,1949,False,,True
UK,1950,False,,True
UK,1951,False,,True
UK,1952,False,,True
UK,1953,False,,False
UK,1954,False,,False
UK,1955,False,,False
UK,1956,False,,False
UK,1957,False,,False
UK,1958,False,,False
UK,1959,False,,False
UK,1960,False,,False
UK,1961,False,,False
UK,1962,False,,False
UK,1963,False,,False
UK,1964,False,,False
UK,1965,False,,False
UK,1966,False,,False
UK,1967,False,,False
UK,1968,False,,False
UK,1969,False,,False
UK,1970,False,,False
UK,1971,False,,False
UK,1972,False,,False
UK,1973,True,D3,False
UK,1974,False,,True
UK,1975,False,,True
UK,1976,False,,True
UK,1977,False,,True
UK,1978,False,,True
UK,1979,False,,False
UK,1980,False,,False
UK,1981,False,,False
UK,1982,False,,False
UK,1983,False,,False
UK,1984,False,,False
UK,1985,False,,False
UK,1986,False,,False
UK,1987,False,,False
UK,1988,False,,False
UK,1989,False,,False
UK,1990,False,,False
UK,1991,False,,False
UK,1992,False,,False
UK,1993,False,,False
UK,1994,False,,False
UK,1995,False,,False
UK,1996,False,,False
UK,1997,False,,False
UK,1998,False,,False
UK,1999,False,,False
UK,2000,False,,False
UK,2001,False,,False
UK,2002,False,,False
UK,2003,False,,False
UK,2004,False,,False
UK,2005,False,,False
UK,2006,False,,False
UK,2007,False,,False
UK,2008,False,,False
UK,2009,False,,False
UK,2010,False,,False
UK,2011,False,,False
UK,2012,False,,False
UK,2013,False,,False
UK,2014,False,,False
UK,2015,False,,False
UK,2016,False,,False
UK,2017,False,,False
UK,2018,False,,False
UK,2019,False,,False
UK,2020,False,,False
USA,1870,False,,False
USA,1871,False,,False
USA,1872,False,,False
USA,1873,False,,False
USA,1874,False,,False
USA,1875,False,,False
USA,1876,False,,False
USA,1877,False,,False
USA,1878,False,,False
USA,1879,False,,False
USA,1880,False,,False
USA,1881,False,,False
USA,1882,False,,False
USA,1883,False,,False
USA,1884,False,,False
USA,1885,False,,False
USA,1886,False,,False
USA,1887,False,,False
USA,1888,False,,False
USA,1889,False,,False
USA,1890,False,,False
USA,1891,False,,False
USA,1892,False,,False
USA,1893,False,,False
USA,1894,False,,False
USA,1895,False,,False
USA,1896,False,,False
USA,1897,False,,False
USA,1898,False,,False
USA,1899,False,,False
USA,1900,False,,False
USA,1901,False,,False
USA,1902,False,,False
USA,1903,False,,False
USA,1904,False,,False
USA,1905,False,,False
USA,1906,False,,False
USA,1907,False,,False
USA,1908,False,,False
USA,1909,False,,False
USA,1910,False,,False
USA,1911,False,,False
USA,1912,False,,False
USA,1913,False,,False
USA,1914,False,,False
USA,1915,False,,False
USA,1916,False,,False
USA,1917,False,,False
USA,1918,False,,False
USA,1919,False,,False
USA,1920,False,,False
USA,1921,False,,False
USA,1922,False,,False
USA,1923,False,,False
USA,1924,False,,False
USA,1925,False,,False
USA,1926,False,,False
USA,1927,False,,False
USA,1928,False,,False
USA,1929,False,,False
USA,1930,False,,False
USA,1931,False,,False
USA,1932,False,,False
USA,1933,False,,False
USA,1934,False,,False
USA,1935,False,,False
USA,1936,False,,False
USA,1937,False,,False
USA,1938,False,,False
USA,1939,False,,False
USA,1940,False,,False
USA,1941,False,,False
USA,1942,False,,False
USA,1943,False,,False
USA,1944,False,,False
USA,1945,False,,False
USA,1946,False,,False
USA,1947,True,D3,False
USA,1948,False,,True
USA,1949,False,,True
USA,1950,False,,True
USA,1951,False,,True
USA,1952,False,,True
USA,1953,False,,False
USA,1954,False,,False
USA,1955,False,,False
USA,1956,False,,False
USA,1957,False,,False
USA,1958,False,,False
USA,1959,False,,False
USA,1960,False,,False
USA,1961,False,,False
USA,1962,False,,False
USA,1963,False,,False
USA,1964,False,,False
USA,1965,False,,False
USA,1966,False,,False
USA,1967,False,,False
USA,1968,False,,False
USA,1969,False,,False
USA,1970,False,,False
USA,1971,False,,False
USA,1972,False,,False
USA,1973,False,,False
USA,1974,False,,False
USA,1975,False,,False
USA,1976,False,,False
USA,1977,False,,False
USA,1978,False,,False
USA,1979,False,,False
USA,1980,False,,False
USA,1981,False,,False
USA,1982,False,,False
USA,1983,False,,False
USA,1984,False,,False
USA,1985,False,,False
USA,1986,False,,False
USA,1987,False,,False
USA,1988,False,,False
USA,1989,False,,False
USA,1990,False,,False
USA,1991,False,,False
USA,1992,False,,False
USA,1993,False,,False
USA,1994,False,,False
USA,1995,False,,False
USA,1996,False,,False
USA,1997,False,,False
USA,1998,False,,False
USA,1999,False,,False
USA,2000,False,,False
USA,2001,False,,False
USA,2002,False,,False
USA,2003,False,,False
USA,2004,False,,False
USA,2005,False,,False
USA,2006,False,,False
USA,2007,False,,False
USA,2008,False,,False
USA,2009,False,,False
USA,2010,False,,False
USA,2011,False,,False
USA,2012,False,,False
USA,2013,False,,False
USA,2014,False,,False
USA,2015,False,,False
USA,2016,False,,False
USA,2017,False,,False
USA,2018,False,,False
USA,2019,False,,False
USA,2020,False,,False
